file	line	entity	tags	program_path	disposition	declaration_or_rule
semantics/call.k	19	syntax	-	YES	FIXED_USED_PATH_ACCEPTED	syntax KItem ::= #callee(Exprs)
semantics/call.k	20	rule	owise	YES	FIXED_USED_PATH_ACCEPTED	rule <k> Call(Fe:Expr, ARGS:Exprs) => Fe ~> #callee(ARGS) ... </k> [owise]
semantics/call.k	21	rule	-	YES	FIXED_USED_PATH_ACCEPTED	rule <k> CV:Val ~> #callee(ARGS:Exprs) => #evalArgs(ARGS, .Vals, toCall(CV)) ... </k>
semantics/call.k	69	rule	-	YES	FIXED_USED_PATH_ACCEPTED	rule <k> #applyK(toCall(closureVal(PNS:ParamNames, BODY:Stmts, DEFL:Int)), ACC:Vals) ~> CONT => #bindP(PNS, ACC) ~> BODY ~> #endcall </k> <env>     CALLERL:Int => NEWL </env> <scopes>   STORE:Map => STORE [ NEWL <- scope(.Map, parent(DEFL)) ] </scopes> <scopeLoc> NEWL:Int => NEWL +Int 1 </scopeLoc> <stack>   .List => ListItem(frame(CONT, CALLERL, NEWL)) ... </stack>
semantics/core.k	25	syntax	-	YES	FIXED_USED_PATH_ACCEPTED	syntax Val      ::= Int | Bool | "noneV" | Iterable | ref(Int)          // a heap object: <heap> holds its list(VS) | cellRef(Int)      // a closure cell: <heap> holds cellV(V) | closureVal(ParamNames, Stmts, Int) | typeV(String)     // a type object (int/str), resolved from the builtins frame | builtinV(String)  // a builtin function, resolved like any name (LEGB fallthrough) | boundMethodV(Val, String)   // a cooled Attribute: obj.method
semantics/core.k	36	syntax	-	YES	FIXED_USED_PATH_ACCEPTED	syntax Parent   ::= "root" | parent(Int)
semantics/core.k	37	syntax	-	YES	FIXED_USED_PATH_ACCEPTED	syntax Scope    ::= scope(Map, Parent)
semantics/core.k	38	syntax	-	YES	FIXED_USED_PATH_ACCEPTED	syntax KResult  ::= Val
semantics/core.k	39	syntax	-	YES	FIXED_USED_PATH_ACCEPTED	syntax Expr     ::= Val   // cooling puts results back into expression holes
semantics/core.k	40	syntax	-	YES	FIXED_USED_PATH_ACCEPTED	syntax Vals     ::= List{Val, ","}
semantics/core.k	41	syntax	-	YES	FIXED_USED_PATH_ACCEPTED	syntax Exc      ::= "NoExc" | "AssertionError"
semantics/core.k	42	syntax	-	YES	FIXED_USED_PATH_ACCEPTED	syntax RetState ::= "noRet" | retV(Val)
semantics/core.k	49	configuration	-	YES	FIXED_USED_PATH_ACCEPTED	configuration <k>       #loadAll($PGM:Module) </k> <env>     0 </env> <scopes>   0     |-> scope(.Map, parent(-1)) -1    |-> builtinsScope </scopes> <scopeLoc> 1 </scopeLoc> <heap>    .Map </heap> <heapLoc> 0 </heapLoc> <stack>   .List </stack> <ret>     noRet </ret> <exc>     NoExc </exc> <exit-code exit=""> 0 </exit-code>
semantics/core.k	124	syntax	-	YES	FIXED_USED_PATH_ACCEPTED	syntax KItem ::= #loadAll(Module)
semantics/core.k	125	rule	-	YES	FIXED_USED_PATH_ACCEPTED	rule <k> #loadAll(Module(SS:Stmts)) => SS ... </k>
semantics/core.k	126	rule	-	YES	FIXED_USED_PATH_ACCEPTED	rule <k> (S:Stmt SS:Stmts):Stmts => S ~> SS ... </k>
semantics/core.k	127	rule	-	YES	FIXED_USED_PATH_ACCEPTED	rule <k> .Stmts => .K ... </k>
semantics/core.k	130	syntax	-	YES	FIXED_USED_PATH_ACCEPTED	syntax KItem ::= #look(String, Int)
semantics/core.k	131	rule	-	YES	FIXED_USED_PATH_ACCEPTED	rule <k> Name(X:String) => #look(X, L) ... </k> <env> L:Int </env>
semantics/core.k	132	rule	-	YES	FIXED_USED_PATH_ACCEPTED	rule <k> #look(X:String, L:Int) => {M[X]}:>Val ... </k> <scopes> ... L |-> scope(M:Map, _:Parent) ... </scopes> requires X in_keys(M)
semantics/core.k	152	rule	-	YES	FIXED_USED_PATH_ACCEPTED	rule <k> #look(X:String, L:Int) => #look(X, P) ... </k> <scopes> ... L |-> scope(M:Map, parent(P:Int)) ... </scopes> requires notBool (X in_keys(M))
semantics/core.k	157	syntax	function,total	YES	FIXED_USED_PATH_ACCEPTED	syntax Scope ::= "builtinsScope" [function, total]
semantics/core.k	158	rule	-	YES	FIXED_USED_PATH_ACCEPTED	rule builtinsScope => scope(.Map [ "len"    <- builtinV("len")    ] [ "set"    <- builtinV("set")    ] [ "sum"    <- builtinV("sum")    ] [ "abs"    <- builtinV("abs")    ] [ "min"    <- builtinV("min")    ] [ "max"    <- builtinV("max")    ] [ "ord"    <- builtinV("ord")    ] [ "chr"    <- builtinV("chr")    ] [ "range"  <- builtinV("range")  ] [ "all"    <- builtinV("all")    ] [ "any"    <- builtinV("any")    ] [ "zip"    <- builtinV("zip")    ] [ "isinstance" <- builtinV("isinstance") ] [ "sorted" <- builtinV("sorted") ] [ "list"   <- builtinV("list")   ] [ "round"  <- builtinV("round")  ] [ "bin"    <- builtinV("bin")    ] [ "enumerate" <- builtinV("enumerate") ] [ "map"    <- builtinV("map")    ] [ "eval"   <- builtinV("eval")   ] [ "int"    <- typeV("int")       ] [ "str"    <- typeV("str")       ] [ "float"  <- typeV("float")     ], root)
semantics/core.k	185	syntax	-	YES	FIXED_USED_PATH_ACCEPTED	syntax ApplyK ::= toCall(Val)
semantics/core.k	186	syntax	-	YES	FIXED_USED_PATH_ACCEPTED	syntax KItem  ::= #evalArgs(Exprs, Vals, ApplyK) | #evalArgCont(Exprs, Vals, ApplyK) | #applyK(ApplyK, Vals)
semantics/core.k	189	rule	-	YES	FIXED_USED_PATH_ACCEPTED	rule <k> #evalArgs((A:Expr, REST:Exprs), ACC:Vals, K:ApplyK) => A ~> #evalArgCont(REST, ACC, K) ... </k>
semantics/core.k	190	rule	-	YES	FIXED_USED_PATH_ACCEPTED	rule <k> V:Val ~> #evalArgCont(REST:Exprs, ACC:Vals, K:ApplyK) => #evalArgs(REST, appendVal(ACC, V), K) ... </k>
semantics/core.k	191	rule	-	YES	FIXED_USED_PATH_ACCEPTED	rule <k> #evalArgs(.Exprs, ACC:Vals, K:ApplyK) => #applyK(K, ACC) ... </k>
semantics/core.k	194	rule	-	YES	FIXED_USED_PATH_ACCEPTED	rule <k> Int(I:Int)   => I ... </k>
semantics/core.k	208	syntax	function	YES	FIXED_USED_PATH_ACCEPTED	syntax Val  ::= applyUn(String, Val) [function]
semantics/core.k	209	syntax	function	YES	FIXED_USED_PATH_ACCEPTED	syntax Val  ::= applyBin(String, Val, Val) [function]
semantics/core.k	213	syntax	function,total	YES	FIXED_USED_PATH_ACCEPTED	syntax Vals ::= appendVal(Vals, Val) [function, total]
semantics/core.k	214	rule	-	YES	FIXED_USED_PATH_ACCEPTED	rule appendVal(.Vals, V:Val)              => V , .Vals
semantics/functions.k	8	syntax	-	YES	FIXED_USED_PATH_ACCEPTED	syntax KItem ::= frame(continuation: K, callerEnv: Int, savedLoc: Int) | #bindP(ParamNames, Vals) | "#pop" | "#endcall"
semantics/functions.k	14	rule	-	YES	FIXED_USED_PATH_ACCEPTED	rule <k> FuncDef(F:String, Params(PNS:ParamNames), BODY:Stmts) => .K ... </k> <env> L:Int </env> <scopes> ... L |-> scope(M:Map => M [ F <- closureVal(PNS, BODY, L) ], _) ... </scopes>
semantics/functions.k	63	rule	-	YES	FIXED_USED_PATH_ACCEPTED	rule <k> #bindP(.ParamNames, .Vals) => .K ... </k>
semantics/functions.k	64	rule	-	YES	FIXED_USED_PATH_ACCEPTED	rule <k> #bindP((P:String, PS:ParamNames), (V:Val, VS:Vals)) => #bindP(PS, VS) ... </k> <env> L:Int </env> <scopes> ... L |-> scope(M:Map => M [ P <- V ], _) ... </scopes>
semantics/functions.k	78	rule	-	YES	FIXED_USED_PATH_ACCEPTED	rule <k> Return(V:Val) ~> _ => #pop </k> <ret> noRet => retV(V) </ret>
semantics/functions.k	85	rule	-	YES	FIXED_USED_PATH_ACCEPTED	rule <k> #pop => V ~> CONT </k> <ret>   retV(V) => noRet </ret> <stack> ListItem(frame(CONT:K, CALLERL:Int, SAVEDL:Int)) => .List ... </stack> <env>   L:Int => CALLERL </env> <scopes> SC:Map => SC [ L <- undef ] </scopes> <scopeLoc> _ => SAVEDL </scopeLoc>
semantics/int.k	14	rule	-	YES	FIXED_USED_PATH_ACCEPTED	rule applyBin("*",  I1:Int, I2:Int) => I1 *Int I2
semantics/operators.k	12	rule	-	YES	FIXED_USED_PATH_ACCEPTED	rule <k> BinOp(OP:String, L:Val, R:Val) => applyBin(OP, L, R) ... </k>
semantics/syntax.k	9	syntax	macro,strict,seqstrict	YES	FIXED_USED_PATH_ACCEPTED	syntax Expr ::= "Int"      "(" Int ")" | "Float"    "(" Float ")" | "Bool"     "(" Bool ")" | "Name"     "(" String ")" | "Str"      "(" String ")" | "UnaryOp"  "(" String "," Expr ")" [strict(2)] | "BinOp"    "(" String "," Expr "," Expr ")" [seqstrict(2, 3)] | "BoolOp"    "(" String "," Exprs ")" | "ListExpr"  "(" Exprs ")" | "DictExpr"  "(" Entries ")" | "ListComp"  "(" Expr "," CompFors ")" [macro] | "GenExp"    "(" Expr "," CompFors ")" [macro] | "TupleExpr" "(" Exprs ")" | "Subscript" "(" Expr "," Index ")" | "IfExp"     "(" Expr "," Expr "," Expr ")" [strict(1)] | "Lambda"    "(" Params "," Expr ")" | "KwArg"     "(" String "," Expr ")" | "Lambda"    "(" Params "," CellVars "," FreeVars "," Expr ")" | "NoneVal" | "Call"      "(" Expr "," Exprs ")" | "Attribute" "(" Expr "," String ")" [strict(1)] | "Compare"   "(" Expr "," CmpOp ")"
semantics/syntax.k	32	syntax	-	YES	FIXED_USED_PATH_ACCEPTED	syntax CmpOp    ::= "CmpOp" "(" String "," Expr ")"
semantics/syntax.k	37	syntax	-	YES	FIXED_USED_PATH_ACCEPTED	syntax Exprs    ::= List{Expr, ","}
semantics/syntax.k	41	syntax	strict	YES	FIXED_USED_PATH_ACCEPTED	syntax Stmt ::= "Assign"    "(" Expr "," Expr ")" [strict(2)] | "Import"    "(" String ")" | "ImportFrom" "(" String "," ParamNames ")" | "AugAssign" "(" Expr "," String "," Expr ")" [strict(3)] | "For"       "(" Expr "," Expr "," Stmts ")" [strict(2)] | "While"     "(" Expr "," Stmts ")" | "Break" | "Continue" | "If"        "(" Expr "," Stmts "," Stmts ")" [strict(1)] | "Return"    "(" Expr ")" [strict] | "Assert"    "(" Expr ")" [strict] | "Expr"      "(" Expr ")" [strict] | "FuncDef"   "(" String "," Params "," Stmts ")" | "FuncDef"   "(" String "," Params "," CellVars "," FreeVars "," Stmts ")"
semantics/syntax.k	56	syntax	-	YES	FIXED_USED_PATH_ACCEPTED	syntax Stmts      ::= List{Stmt, ""}
semantics/syntax.k	57	syntax	-	YES	FIXED_USED_PATH_ACCEPTED	syntax Params     ::= "Params" "(" ParamNames ")"
semantics/syntax.k	60	syntax	-	YES	FIXED_USED_PATH_ACCEPTED	syntax ParamNames ::= List{String, ","}
semantics/syntax.k	61	syntax	-	YES	FIXED_USED_PATH_ACCEPTED	syntax Module     ::= "Module" "(" Stmts ")"
verification.k	7	syntax	macro	YES	PROOF_LOCAL_USED_EXACT	syntax Module ::= "solutionModule" [macro]
verification.k	8	rule	-	YES	PROOF_LOCAL_USED_EXACT	rule solutionModule => Module( FuncDef("car_race_collision", Params("n"), Return(BinOp("*", Name("n"), Name("n")))))
verification.k	14	syntax	-	YES	PROOF_LOCAL_USED_EXACT	syntax KItem ::= "#runCarRaceCollision" "(" Int ")"
verification.k	15	rule	-	YES	PROOF_LOCAL_USED_EXACT	rule #runCarRaceCollision(N:Int) => #loadAll(solutionModule) ~> Call(Name("car_race_collision"), Int(N))
spec.k	6	claim	-	YES	TARGET_CLAIM_REVIEWED	claim <k> #runCarRaceCollision(N:Int) => N *Int N </k> <env> 0 </env> <scopes> 0  |-> scope(.Map, parent(-1)) -1 |-> builtinsScope => 0  |-> scope( "car_race_collision" |-> closureVal( "n", Return(BinOp("*", Name("n"), Name("n"))), 0), parent(-1)) -1 |-> builtinsScope </scopes> <scopeLoc> 1 </scopeLoc> <heap> .Map </heap> <heapLoc> 0 </heapLoc> <stack> .List </stack> <ret> noRet </ret> <exc> NoExc </exc> <exit-code> 0 </exit-code>
