index	source_rule_id	lines	classification	independent basis
1	rule-5f9038afc41854fd66fb9c31ace6ff8ea39faf9015fbdce97770d5c9ab12eede	42-46	DEFINITION	Defines integralV by the disjoint Int/Bool alternatives and excludes Float.
2	rule-92485f68c558aaff7963ae82601a4f19bb9708db1f299c021209cc66eab64582	47-50	DEFINITION	Defines floatV by Float membership and excludes Int and Bool.
3	rule-325f8763b0f9ebf70b1270bd3bba472aab9a4ec71a3068e8d7b1d1cb3461b269	54	DEFINITION	Empty-sequence base equation for allIntegral.
4	rule-69f22f1dc46a18bcb0698c3eeb6639ad3acccc284d8332f8c1a70eded4fb0ad1	55-57	DEFINITION	Cons recurrence for allIntegral.
5	rule-d980beac5e2b26d5467cd5634a592522ea2345f3b93c99124ff77af12a091a56	59	DEFINITION	Empty-sequence accumulator equation for sumInts.
6	rule-88764d4eb20f77c90455d8ba1dd53a6b491bd6841a024a79f41f6fb9702d96be	60-62	DEFINITION	Cons recurrence for sumInts.
7	rule-f408d2d20d79ab665a015956a0a25ab28ed045f1fd196b13daf1edfb2661b297	64	DEFINITION	Empty-sequence base equation for allNumeric.
8	rule-3bc3a0372e2e5b74c0f6a04762b2c0f3a59ff50590a547ebec6b5f94f0f97a27	65-68	DEFINITION	Cons recurrence for allNumeric.
9	rule-8d339ac1715b7b5611efc646ddf775f3315b130aabe21f92f61ebc071e442412	70	DEFINITION	Empty-sequence base equation for hasFloat.
10	rule-8175d02402aea688af01b7c3cc64d23ef034e697358704036b4192701ff11a95	71-73	DEFINITION	Cons recurrence for hasFloat.
11	rule-ec16299584036b4cf22a42e1dcca71c1db40f02c2d305ab75b2bb23c2e4a3d2b	75-76	DEFINITION	Empty-sequence accumulator equation for sumFloatRest.
12	rule-dac1bd213f833dc9b111b58411a62120844d78a12ed3adc19feb4048dcb0e285	77-80	DEFINITION	Float-head recurrence for sumFloatRest.
13	rule-f064234445c8094f1b5276472885cf8042c51407e1863f8e6bdcc440e8d54fad	81-84	DEFINITION	Integral-head recurrence for sumFloatRest.
14	rule-0c608830c5baca550ccdcebea1e02106a5a30a1e574bb80325ca7040f559f9bb	85-89	DEFINITION	Nonnumeric-head fallback recurrence completing sumFloatRest.
15	rule-85be9b531d4380ba832fc513917bb65d96f0e38915dcb836cfd016c265fe8eb8	91-92	DEFINITION	Empty-sequence equation for sumToFloat using its named no-float totalizer.
16	rule-aa69bb82e647427906fcf5aee6f39f70db593fbf1817308e53a64d84edd7f7eb	93-96	DEFINITION	Float-head transition from the Int accumulator to sumFloatRest.
17	rule-126c1b315433d92c0f26daaada7cea5b4b32a077c123d2efbfced0036f383fe0	97-100	DEFINITION	Integral-head recurrence for sumToFloat.
18	rule-d7f64dd1b55da1505ef39ae6d01a0e8c7d1e4e056f9c776e4ac0e15fe2c2290d	101-105	DEFINITION	Nonnumeric-head fallback recurrence completing sumToFloat.
19	rule-8d43fd13af255702ec2aa91b2cdfd08e70addebf1aa0c7a73c0ad56413ecc17d	107-109	DEFINITION	Defines reverseSlice as the exact supplied buildVS negative-step traversal.
20	rule-7191d5f6c9756673cca00b440958222ca4d2d1d3d4e18cbc994313a0f4340442	113	DEFINITION	Sorted Int base equation for projectIntTotal.
21	rule-922b2e2888783e27d234040e4262dbe10f3037613f55fea887ddbe7a17d200da	114-117	DEFINITION	Guarded projectIntTotal equation through the existing K Int projection.
22	rule-ec583fc3f12bafee23d7f302c742e52ce776b44b86fb0ae71114dc6dcdb3bb9f	118-121	DOMAIN_LEMMA	Reverse symbolic Int-projection equality; not a definition of the pre-existing projection and not separately proved before use.
23	rule-90eb7f013a9e927996889600de0ac06a1c48fe1f32ff329772fa38b5022a8a28	122-124	DOMAIN_LEMMA	Definedness characterization for the pre-existing Int projection; no prior rule-free proof.
24	rule-621b8a32f9f2565b395727e275cf826a343441f0706f4de9a43e9cc371c54a35	126	DEFINITION	Sorted Bool base equation for projectBoolTotal.
25	rule-4906aa4a693fd57dec2e847d806442243769c98457f1af072082f43c2160400a	127-130	DEFINITION	Guarded projectBoolTotal equation through the existing K Bool projection.
26	rule-3905ebe2499ea5ede82420688c2f2bdadaaf27ab8b44aef52876a9281ba13c4e	131-134	DOMAIN_LEMMA	Reverse symbolic Bool-projection equality; not a definition of the pre-existing projection and not separately proved before use.
27	rule-223d04d630bd21ce9624149f41397f24c0af78120813951d1f3ef073273e8a83	135-137	DOMAIN_LEMMA	Definedness characterization for the pre-existing Bool projection; no prior rule-free proof.
28	rule-64da4543da040ecadafcb80fe5586bccd61f336d51e2d69f8be37eff9757ed31	139	DEFINITION	Sorted Float base equation for projectFloatTotal.
29	rule-21926f30458bdbc942cadfe77a2eec5094bd3ab7c432ddd5766b3c783d81fa4e	140-142	DEFINITION	Guarded projectFloatTotal equation through the existing K Float projection.
30	rule-aea328b93abee3d0539e019d0745462924337ff6c0e980f560da1a6fa1c0b72e	143-145	DOMAIN_LEMMA	Reverse symbolic Float-projection equality; not a definition of the pre-existing projection and not separately proved before use.
31	rule-725c0275ed9c194a24cc6686a7d8ac0e05163edac4687c027a68f98431430868	146-148	DOMAIN_LEMMA	Definedness characterization for the pre-existing Float projection; no prior rule-free proof.
32	rule-a0e116690579a038c18ab996ecb949fb9a9aaa7e8b1ea852e080495da97aa938	150-153	DEFINITION	Exclusive-Int equation defining intLikeTotal.
33	rule-cedd10071309ad23f0a9c25420b6c135c415ccaa18e27cbe573ac3d577eb492e	154-158	DEFINITION	Exclusive-Bool equation defining intLikeTotal.
34	rule-82314b210da1b2e71ed9cacdc03ed14b6f144d73a7db17b8f0b5688eb4d30e92	161-163	DOMAIN_LEMMA	Relates the supplied intOf to the proof-local totalizer over the integral guard; no prior exact rule-free proof.
35	rule-811615bc3ab0bde7acce657ae23e178b13d0a6bbd79e61987b2404e1818ba705	167-188	DEFINITION	Named macro/proof term for the exact translated source closure body.
36	rule-2c28a35276cc6a362988e024fe349cea1d30d7ecae33a6f4e36274e57eff1425	254-256	PROVED_DERIVED_LEMMA	SUM-CONNECTION.reverse-slice proves the identical transition with arbitrary suffix under SUMMARY-DEFINITION, whose closure excludes VERIFICATION; live isolated rerun returned #Top before target use.
37	rule-d13390ee12bb568d6ae90c95e9b2775c482f3676255a20bcfb3ab2ec0c868edf	260-263	PROVED_DERIVED_LEMMA	SUM-CONNECTION.sum-fold proves the identical transition on the broader allIntegral domain under SUMMARY-DEFINITION, so the later narrower allIntegral-and-no-float rule is a direct specialization; live isolated rerun returned #Top.
38	rule-8baf5b1816cf4d527c6421dfb6aa4fa022d589cd1ac2f991393fc77ef9ede209	267-273	PROVED_DERIVED_LEMMA	FLOAT-SUM-CONNECTION.float-sum-fold proves the identical transition on the broader allNumeric-and-hasFloat domain in a closure excluding VERIFICATION, after the separately proved float-rest transition; the later narrower rule is a direct specialization and the isolated rerun returned #Top.
