id	file	line	kind	attributes	reachability	disposition	text
1201	verification.k	1	requires	-	proof_module	NO_PROOF_LOCAL_EXTENSION	requires "reference-semantics/semantics.k"
1202	verification.k	3	module	-	proof_module	NO_PROOF_LOCAL_EXTENSION	module VERIFICATION
1203	verification.k	4	imports	-	proof_module	NO_PROOF_LOCAL_EXTENSION	imports MPY
1204	verification.k	5	endmodule	-	proof_module	NO_PROOF_LOCAL_EXTENSION	endmodule
1205	spec.k	1	requires	-	fixed_not_reached	TRUSTED_SUPPLIED_BASELINE_UNREACHED	requires "verification.k"
1206	spec.k	3	module	-	fixed_not_reached	TRUSTED_SUPPLIED_BASELINE_UNREACHED	module SPEC
1207	spec.k	4	imports	-	fixed_not_reached	TRUSTED_SUPPLIED_BASELINE_UNREACHED	imports VERIFICATION
1208	spec.k	6	claim	-	target_claim	AUDIT_TARGET	claim [same-chars]: <k> #loadAll(Module( FuncDef("same_chars", Params("s0", "s1"), Return( Compare( Call(Name("set"), Name("s0")), CmpOp("==", Call(Name("set"), Name("s1")))))) Assign( Name("result"), Call(Name("same_chars"), str(S0:IntSeq), str(S1:IntSeq))))) => .K </k> <env> 0 </env> <scopes> (0 |-> scope(.Map, parent(-1)) -1 |-> builtinsScope) => (0 |-> scope( .Map [ "same_chars" <- closureVal( ("s0", "s1", .ParamNames), (Return( Compare( Call(Name("set"), Name("s0")), CmpOp("==", Call(Name("set"), Name("s1"))))) .Stmts), 0) ] [ "result" <- sameSet(dedupCodes(S0), dedupCodes(S1)) ], parent(-1)) -1 |-> builtinsScope) </scopes> <scopeLoc> 1 </scopeLoc> <heap> .Map </heap> <heapLoc> 0 </heapLoc> <stack> .List </stack> <ret> noRet </ret> <exc> NoExc </exc> <exit-code> 0 </exit-code>
1209	spec.k	47	endmodule	-	fixed_not_reached	TRUSTED_SUPPLIED_BASELINE_UNREACHED	endmodule
