id,statement,used_by_solution,decision
semantics/builtins.k:285,"syntax IntSeq ::= md5hexCodes(IntSeq) [function, total, symbol(md5hexCodes), no-evaluators]",False,FIXED_SEMANTICS_OUTSIDE_REACHABLE_SLICE
semantics/float.k:24,"syntax Float ::= intFloatDiv(Int, Float) [function, total, symbol(intFloatDiv), no-evaluators]",False,FIXED_SEMANTICS_OUTSIDE_REACHABLE_SLICE
semantics/float.k:30,"syntax Float ::= divII(Int, Int) [function, total, symbol(divII), no-evaluators]",False,FIXED_SEMANTICS_OUTSIDE_REACHABLE_SLICE
semantics/float.k:37,"syntax Float ::= floatMod(Float, Float) [function, total, symbol(floatMod), no-evaluators]",False,FIXED_SEMANTICS_OUTSIDE_REACHABLE_SLICE
semantics/float.k:50,"syntax Bool ::= floatLt(Float, Float) [function, total, symbol(floatLt), no-evaluators]",False,FIXED_SEMANTICS_OUTSIDE_REACHABLE_SLICE
semantics/float.k:54,"syntax Float ::= absF(Float) [function, total, symbol(absF), no-evaluators]",False,FIXED_SEMANTICS_OUTSIDE_REACHABLE_SLICE
semantics/float.k:103,"syntax Float ::= subF(Float, Float) [function, total, symbol(subF), no-evaluators]",False,FIXED_SEMANTICS_OUTSIDE_REACHABLE_SLICE
semantics/float.k:107,"syntax Float ::= divF(Float, Float) [function, total, symbol(divF), no-evaluators]",False,FIXED_SEMANTICS_OUTSIDE_REACHABLE_SLICE
semantics/float.k:111,"syntax Float ::= addF(Float, Float) [function, total, symbol(addF), no-evaluators]",False,FIXED_SEMANTICS_OUTSIDE_REACHABLE_SLICE
semantics/float.k:115,"syntax Float ::= mulF(Float, Float) [function, total, symbol(mulF), no-evaluators]",False,FIXED_SEMANTICS_OUTSIDE_REACHABLE_SLICE
semantics/float.k:119,"syntax Float ::= powF(Float, Float) [function, total, symbol(powF), no-evaluators]",False,FIXED_SEMANTICS_OUTSIDE_REACHABLE_SLICE
semantics/float.k:125,"syntax Bool ::= gtF(Float, Float) [function, total, symbol(gtF), no-evaluators]",False,FIXED_SEMANTICS_OUTSIDE_REACHABLE_SLICE
semantics/float.k:142,"syntax Bool ::= eqF(Float, Float) [function, total, symbol(eqF), no-evaluators]",False,FIXED_SEMANTICS_OUTSIDE_REACHABLE_SLICE
semantics/float.k:160,"syntax Float ::= decStrToF(IntSeq) [function, total, symbol(decStrToF), no-evaluators]",False,FIXED_SEMANTICS_OUTSIDE_REACHABLE_SLICE
semantics/float.k:190,"syntax Float ::= divFloatIntV(Float, Int) [function, total, symbol(divFloatIntV), no-evaluators]",False,FIXED_SEMANTICS_OUTSIDE_REACHABLE_SLICE
semantics/float.k:195,"syntax Float ::= intToF(Int) [function, total, symbol(intToF), no-evaluators]",False,FIXED_SEMANTICS_OUTSIDE_REACHABLE_SLICE
semantics/float.k:209,"syntax Int ::= truncF(Float) [function, total, symbol(truncF), no-evaluators]",False,FIXED_SEMANTICS_OUTSIDE_REACHABLE_SLICE
semantics/float.k:217,"syntax Int ::= roundF(Float) [function, total, symbol(roundF), no-evaluators]",False,FIXED_SEMANTICS_OUTSIDE_REACHABLE_SLICE
semantics/float.k:223,"syntax Float ::= roundFN(Float, Int) [function, total, symbol(roundFN), no-evaluators]",False,FIXED_SEMANTICS_OUTSIDE_REACHABLE_SLICE
semantics/float.k:230,"syntax Float ::= sqrtF(Float) [function, total, symbol(sqrtF), no-evaluators]",False,FIXED_SEMANTICS_OUTSIDE_REACHABLE_SLICE
semantics/sort.k:18,"syntax ValSeq ::= sortVS(ValSeq) [function, total, symbol(sortVS), no-evaluators]",False,FIXED_SEMANTICS_OUTSIDE_REACHABLE_SLICE
semantics/sort.k:49,"syntax ValSeq ::= sortKeyVS(ValSeq, Val) [function, total, symbol(sortKeyVS), no-evaluators]",False,FIXED_SEMANTICS_OUTSIDE_REACHABLE_SLICE
